﻿"Cube Title","Product Id","CANSIM Id",URL,"Cube Notes","Archive Status",Frequency,"Start Reference Period","End Reference Period","Total number of dimensions",Universe,"Variable List"
"Canadian Community Health Survey (CCHS 1.1 and 2.1) immigrant profile",13100447,105-0113,"https://www150.statcan.gc.ca/t1/tbl1/en/tv.action?pid=1310044701",1;2,"CURRENT - a cube available to the public and that is current",Occasional,2000-01-01,2003-01-01,5,,

"Dimension ID","Dimension name","Dimension Notes","Dimension Correction Notes","Dimension Definitions"
1,Geography,,,
2,"Immigration status",2,,
3,Sex,,,
4,"Health profile",,,
5,Characteristics,81;82;83;84;86,,

"Dimension ID","Member Name","Classification Code","Member ID","Parent Member ID",Terminated,"Member Notes","Member Correction Notes","Member Geo Attribute Keys","Member Definitions"
1,Canada,[11124],1,,,85,,,
1,"Newfoundland and Labrador",[10],2,1,,,,,
1,"Prince Edward Island",[11],3,1,,,,,
1,"Nova Scotia",[12],4,1,,,,,
1,"New Brunswick",[13],5,1,,,,,
1,Quebec,[24],6,1,,,,,
1,Ontario,[35],7,1,,,,,
1,Manitoba,[46],8,1,,,,,
1,Saskatchewan,[47],9,1,,,,,
1,Alberta,[48],10,1,,,,,
1,"British Columbia",[59],11,1,,,,,
1,Yukon,[60],12,1,,,,,
1,"Northwest Territories",[61],13,1,,85,,,
1,Nunavut,[62],14,1,,,,,
2,"Total population",,1,,,,,,
2,"Canadian citizens at birth",,2,1,,,,,
2,"Immigrants, total",,3,1,,,,,
2,"Immigrants, 0 to 9 years since immigration",,4,3,,,,,
2,"Immigrants, 10 to 19 years since immigration",,5,3,,,,,
2,"Immigrants, 20 or more years since immigration",,6,3,,,,,
2,"Immigrant status, not stated",,7,1,,,,,
3,"Both sexes",,1,,,,,,
3,Males,,2,1,,,,,
3,Females,,3,1,,,,,
4,"Total population for the variable self-rated health",,1,,,3,,,
4,"Very good or excellent self-rated health",,2,1,,3,,,
4,"Excellent self-rated health",,3,2,,3,,,
4,"Very good self-rated health",,4,2,,3,,,
4,"Good self-rated health",,5,1,,3,,,
4,"Fair or poor self-rated health",,6,1,,3,,,
4,"Self-rated health, not stated",,7,1,,3,,,
4,"Total population for the variable body mass index, Canadian standard (20 to 64 years)",,8,,t,4;5;7;9,,,
4,"Underweight, body mass index (Canadian standard) under 20.0 (20 to 64 years)",,9,8,t,4;5;7;9,,,
4,"Normal weight, body mass index (Canadian standard) 20.0 to 24.9 (20 to 64 years)",,10,8,t,4;5;7;9,,,
4,"Some excess weight, body mass index (Canadian standard) 25.0 to 27.0 (20 to 64 years)",,11,8,t,4;5;7;9,,,
4,"Overweight, body mass index (Canadian standard) higher than 27.0 (20 to 64 years)",,12,8,t,4;5;7;9,,,
4,"Body mass index (Canadian Standard), not stated (20 to 64 years)",,13,8,t,4;5;7;9,,,
4,"Total population for the variable body mass index, International standard (20 to 64 years)",,14,,t,4;5;7;10,,,
4,"Underweight, body mass index (International standard) under 18.5 (20 to 64 years)",,15,14,t,4;5;7;10,,,
4,"Normal weight, body mass index (International standard) 18.5 to 24.9 (20 to 64 years)",,16,14,t,4;5;7;10,,,
4,"Overweight, body mass index (International standard) 25.0 to 29.9 (20 to 64 years)",,17,14,t,4;5;7;10,,,
4,"Obese, body mass index (International standard) 30.0 or higher (20 to 64 years)",,18,14,t,4;5;7;10,,,
4,"Body mass index (International standard), not stated (20 to 64 years)",,19,14,t,4;5;7;10,,,
4,"Total population for the variable arthritis or rheumatism",,20,,,11;12,,,
4,"With arthritis or rheumatism",,21,20,,11;12,,,
4,"Without arthritis or rheumatism",,22,20,,11;12,,,
4,"Arthritis or rheumatism, not stated",,23,20,,11;12,,,
4,"Total population for the variable diabetes",,24,,,13;14,,,
4,"With diabetes",,25,24,,13;14,,,
4,"Without diabetes",,26,24,,13;14,,,
4,"Diabetes, not stated",,27,24,,13;14,,,
4,"Total population for the variable asthma",,28,,,15,,,
4,"With asthma",,29,28,,15,,,
4,"Without asthma",,30,28,,15,,,
4,"Asthma, not stated",,31,28,,15,,,
4,"Total population for the variable high blood pressure",,32,,,16,,,
4,"With high blood pressure",,33,32,,16,,,
4,"Without high blood pressure",,34,32,,16,,,
4,"High blood pressure, not stated",,35,32,,16,,,
4,"Total population for the variable pain or discomfort that affects activities",,36,,,17,,,
4,"No pain or discomfort that affects activities",,37,36,,17,,,
4,"Pain or discomfort, does not prevent activity",,38,36,,17,,,
4,"Pain or discomfort, prevents a few, some or most activities",,39,36,,17,,,
4,"Pain or discomfort, prevents a few or some activities",,40,39,,17,,,
4,"Pain or discomfort, prevents most activities",,41,39,,17,,,
4,"Pain or discomfort, not stated",,42,36,,17,,,
4,"Total population for the variable pain or discomfort by severity",,43,,,18,,,
4,"No pain or discomfort",,44,43,,18,,,
4,"Mild pain or discomfort",,45,43,,18,,,
4,"Moderate or severe pain or discomfort",,46,43,,18,,,
4,"Moderate pain or discomfort",,47,46,,18,,,
4,"Severe pain or discomfort",,48,46,,18,,,
4,"Severity of pain or discomfort, not stated",,49,43,,18,,,
4,"Total population for the variable risk of depression",,50,,t,19;20;21,,,
4,"No risk of depression",,51,50,t,19;20;21,,,
4,"Possible risk of depression",,52,50,t,19;20;21,,,
4,"Probable risk of depression",,53,50,t,19;20;21,,,
4,"Risk of depression, not stated",,54,50,t,19;20;21,,,
4,"Total population for the variable injuries",,55,,,22;23;24,,,
4,"Injuries within past 12 months",,56,55,,22;23;24,,,
4,"Injuries in past 12 months, sought medical attention",,57,56,,22;23;24,,,
4,"Injuries in past 12 months, did not seek medical attention",,58,56,,22;23;24,,,
4,"No injuries in past 12 months",,59,55,,22;23;24,,,
4,"Injuries in past 12 months, not stated",,60,55,,22;23;24,,,
4,"Total population for the variable functional health status",,61,,,24;25;26,,,
4,"Moderate or severe functional health problems",,62,61,,25;26;27,,,
4,"Very good or perfect functional health",,63,61,,25;26;27,,,
4,"Functional health status, not stated",,64,61,,25;26;27,,,
4,"Total population for the variable two-week disability days",,65,,,28,,,
4,"No two-week disability days",,66,65,,28,,,
4,"1 or more two-week disability days",,67,65,,28,,,
4,"Disability days, not stated",,68,65,,28,,,
4,"Total population for the variable activity limitation",,69,,,29,,,
4,"Activity limitation",,70,69,,29,,,
4,"No activity limitation",,71,69,,29,,,
4,"Activity limitation, not stated",,72,69,,29,,,
4,"Total population for the variable smoking initiation",,73,,,30,,,
4,"Smoking initiation age (5 to 11 years)",,74,309,,30,,,
4,"Smoking initiation age (12 to 14 years)",,75,309,,30,,,
4,"Smoking initiation age (15 to 19 years)",,76,73,,30,,,
4,"Smoking initiation age (20 years and over)",,77,73,,30,,,
4,"Age of smoking initiation, not stated",,78,73,,30,,,
4,"Total population for the variable smoking status",,79,,,31;32;33;34;35,,,
4,"Current daily or occasional smoker",,80,79,,31;32;33;34,,,
4,"Daily smoker",,81,80,,31;32;33,,,
4,"Occasional smoker",,82,80,,31;32;34,,,
4,"Former smoker",,83,79,,31;35,,,
4,"Never smoked",,84,79,,31,,,
4,"Smoking status, not stated",,85,79,,31,,,
4,"Total population for the variable population reporting drinking",,86,,,36,,,
4,"Never 5 or more drinks on one occasion",,87,86,,,,,
4,"5 or more drinks on one occasion, less than 12 times a year",,88,86,,,,,
4,"5 or more drinks on one occasion, 12 or more times a year",,89,86,,,,,
4,"Drinking frequency, not stated",,90,86,,,,,
4,"Total population for the variable leisure-time physical activity",,91,,,37;38,,,
4,"Leisure-time physically active or moderately active",,92,91,,37;38,,,
4,"Leisure-time physically active",,93,92,,37;38,,,
4,"Leisure-time moderately physically active",,94,92,,37;38,,,
4,"Leisure-time physically inactive",,95,91,,37;38,,,
4,"Leisure-time physical activity, not stated",,96,91,,37;38,,,
4,"Total population for the variable dietary practices",,97,,,39,,,
4,"Consume fruits and vegetables less than 5 times per day",,98,97,,39,,,
4,"Consume fruits and vegetables 5 or more times per day",,99,97,,39,,,
4,"Consume fruits and vegetables 5 to 10 times per day",,100,99,,39,,,
4,"Consume fruits and vegetables more than 10 times per day",,101,99,,39,,,
4,"Fruit and vegetable consumption, not stated",,102,97,,39,,,
4,"Total population for the variable life stress (18 years and over)",,103,,,40,,,
4,"Life stress, not at all (18 years and over)",,104,103,,40,,,
4,"Life stress, some (18 years and over)",,105,103,,40,,,
4,"Life stress, quite a lot (18 years and over)",,106,103,,40,,,
4,"Life stress, not stated (18 years and over)",,107,103,,40,,,
4,"Total population for the variable exposure to second-hand smoke",,108,,t,46;47,,,
4,"Exposure to second-hand smoke in the last month",,109,108,t,46;47,,,
4,"No exposure to second-hand smoke in the last month",,110,108,t,46;47,,,
4,"Exposure to second-hand smoke in the last month, not stated",,111,108,t,46;47,,,
4,"Total population for the variable influenza immunization",,112,,,48;49,,,
4,"Influenza immunization, less than one year ago",,113,112,,48;49,,,
4,"Influenza immunization, 1 or more years ago",,114,112,,48;49,,,
4,"Never had influenza immunization",,115,112,,48;49,,,
4,"Influenza immunization, not stated",,116,112,,48;49,,,
4,"Total population for the variable mammogram (50 to 69 years)",,117,,,50;51,,,
4,"Received routine screening mammogram within last 2 years (50 to 69 years)",,118,117,,50;51,,,
4,"Received mammogram within last 2 years for other reasons (50 to 69 years)",,119,117,,50;51,,,
4,"No mammogram for at least 2 years (50 to 69 years)",,120,117,,50;51,,,
4,"Mammogram, not stated (50 to 69 years)",,121,117,,50;51,,,
4,"Total population for the variable Pap smear (18 to 69 years)",,122,,,52;53,,,
4,"Pap smear, within last 3 years (18 to 69 years)",,123,122,,52;53,,,
4,"Pap smear, less than one year ago (18 to 69 years)",,124,123,,52;53,,,
4,"Pap smear, 1 year to less than 3 years ago (18 to 69 years)",,125,123,,52;53,,,
4,"Pap smear, 3 or more years ago (18 to 69 years)",,126,122,,52;53,,,
4,"Never had a Pap smear (18 to 69 years)",,127,122,,52;53,,,
4,"Pap smear, not stated (18 to 69 years)",,128,122,,52;53,,,
4,"Total population for the variable contact with alternative health care providers",,129,,,54;55,,,
4,"Contact with alternative health care providers in past 12 months",,130,129,,54;55,,,
4,"No contact with alternative health care providers in past 12 months",,131,129,,54;55,,,
4,"Contact with alternative health care providers in past 12 months, not stated",,132,129,,54;55,,,
4,"Total population for the variable contact with medical doctors",,133,,,56;57,,,
4,"Contact with medical doctors in past 12 months",,134,133,,56;57,,,
4,"No contact with medical doctors in past 12 months",,135,133,,56;57,,,
4,"Contact with medical doctors in the past 12 months, not stated",,136,133,,56;57,,,
4,"Total population for the variable contact with health professionals about mental health",,137,,t,58;59,,,
4,"Contact with health professionals about mental health in past 12 months",,138,137,t,58;59,,,
4,"No contact with health professionals about mental health in past 12 months",,139,137,t,58;59,,,
4,"Contact with health professionals about mental health in the past 12 months, not stated",,140,137,t,58;59,,,
4,"Total population for the variable contact with dental professionals",,141,,,60;61,,,
4,"Contact with dental professionals in past 12 months",,142,141,,60;61,,,
4,"No contact with dental professionals in past 12 months",,143,141,,60;61,,,
4,"Contact with dental professionals in past 12 months, not stated",,144,141,,60;61,,,
4,"Total population for the variable body mass index (18 years and over)",,300,,,4;5;6;8,,,
4,"Underweight, body mass index under 18.5 (18 years and over)",,301,300,,4;5;6;8,,,
4,"Normal weight, body mass index 18.5 to 24.9 (18 years and over)",,302,300,,4;5;6;8,,,
4,"Overweight, body mass index 25.0 to 29.9 (18 years and over)",,303,300,,4;5;6;8,,,
4,"Obese, body mass index 30.0 or higher (18 years and over)",,304,300,,4;5;6;8,,,
4,"Obese, class I, body mass index 30.0 to 34.9 (18 years and over)",,305,304,,4;5;6;8,,,
4,"Obese, class II, body mass index 35.0 to 39.9 (18 years and over)",,306,304,,4;5;6;8,,,
4,"Obese, class III, body mass index 40.0 or higher (18 years and over)",,307,304,,4;5;6;8,,,
4,"Body mass index, not stated (18 years and over)",,308,300,,4;5;6;8,,,
4,"Smoking initiation age (5 to 14 years)",,309,73,,30,,,
4,"Total non-smoking population (denominator for ""Exposed to second-hand smoke at home"")",,310,,,41;42;46,,,
4,"Exposed to second-hand smoke at home",,311,310,,41;42;46,,,
4,"No exposure to second-hand smoke at home",,312,310,,41;42;46,,,
4,"Exposure to second-hand smoke at home, not stated",,313,310,,41;42;46,,,
4,"Total non-smoking population (denominator for ""Exposed to second-hand smoke in the past month in vehicles or public places"")",,314,,,43;44;45;46,,,
4,"Exposed to second-hand smoke in the past month, in vehicles",,315,314,,44;46,,,
4,"Exposed to second-hand smoke in the past month, in public places",,316,314,,45;46,,,
4,"Exposure to second-hand smoke in the past month, in vehicles and public places, not stated",,317,314,,46,,,
4,"Total population for the variable contact with telephone health line (15 years and over)",,318,,,62,,,
4,"Contact with telephone health line in past 12 months (15 years and over)",,319,318,,62,,,
4,"No contact with telephone health line in past 12 months (15 years and over)",,320,318,,62,,,
4,"Contact with telephone health line in past 12 months, not stated (15 years and over)",,321,318,,62,,,
4,"Patient satisfaction, received health care services in past 12 months (15 years and over)",,322,,,63;79;80,,,
4,"Patient satisfaction, quality of health care services received rated as excellent or good (15 years and over)",,323,,,63;64;79,,,
4,"Patient satisfaction, very or somewhat satisfied with health care services received (15 years and over)",,324,,,63;65;79,,,
4,"Patient satisfaction, received hospital care in past 12 months (15 years and over)",,325,,,66;79;80,,,
4,"Patient satisfaction, quality of hospital care received rated as excellent or good (15 years and over)",,326,,,66;67;79,,,
4,"Patient satisfaction, very or somewhat satisfied with hospital care received (15 years and over)",,327,,,66;68;79,,,
4,"Patient satisfaction, received family doctor or other physician care in past 12 months (15 years and over)",,328,,,69;79;80,,,
4,"Patient satisfaction, quality of family doctor or other physician care received rated as excellent or good (15 years and over)",,329,,,69;70;79,,,
4,"Patient satisfaction, very or somewhat satisfied with family doctor or other physician care received (15 years and over)",,330,,,69;71;79,,,
4,"Patient satisfaction, received community-based health care in past 12 months (15 years and over)",,331,,,72;73;79;80,,,
4,"Patient satisfaction, quality of community-based health care received rated as excellent or good (15 years and over)",,332,,,72;73;74;79,,,
4,"Patient satisfaction, very or somewhat satisfied with community-based health care received (15 years and over)",,333,,,72;73;75;79,,,
4,"Patient satisfaction, used telephone health line services in past 12 months (15 years and over)",,334,,,76;79;80,,,
4,"Patient satisfaction, quality of telephone health line services used rated as excellent or good (15 years and over)",,335,,,76;77;79,,,
4,"Patient satisfaction, very or somewhat satisfied with telephone health line services provided (15 years and over)",,336,,,76;78;79,,,
5,"Number of persons",,1,,,,,,
5,"Low 95% confidence interval,  number of persons",,2,,,,,,
5,"High 95% confidence interval, number of persons",,3,,,,,,
5,"Coefficient of variation for number of persons",,4,,,,,,
5,Percent,,5,,,,,,
5,"Low 95% confidence interval, percent",,6,,,,,,
5,"High 95% confidence interval, percent",,7,,,,,,
5,"Coefficient of variation for percent",,8,,,,,,

Symbol Legend
Description,Symbol
"not available for a specific reference period",..
"less than the limit of detection",<LOD
"value rounded to 0 (zero) where there is a meaningful distinction between true zero and the value that was rounded",0s
"data quality: excellent",A
"data quality: very good",B
"data quality: good",C
"data quality: acceptable",D
"use with caution",E
"too unreliable to be published.",F
"not applicable",...
preliminary,p
revised,r
"suppressed to meet the confidentiality requirements of the Statistics Act",x
terminated,t

"Survey Code","Survey Name"
3226,"Canadian Community Health Survey - Annual Component"

"Subject Code","Subject Name"
13,Health

"Note ID",Note
1,"Source: Statistics Canada, Canadian Community Health Survey, 2000/2001"
2,"Immigrants are defined as Canadians born in another country who were not born Canadian citizens. ""Years since immigration"" represents the immigrant's length of residence in Canada."
3,"Population aged 12 and over who rate their own health status as being either excellent, very good, good, fair or poor. Self-rated health is an indicator of overall health status. It can reflect aspects of health not captured in other measures, such as incipient disease, disease severity, aspects of positive health status, physiological and psychological reserves and social and mental function."
4,"Body mass index (BMI) is a method of classifying body weight according to health risk. According to the World Health Organization (WHO) and Health Canada guidelines, health risk levels are associated with each of the following BMI categories: normal weight = least health risk; underweight and overweight = increased health risk; obese, class I = high health risk; obese, class II = very high health risk; obese, class III = extremely high health risk."
5,"Body mass index (BMI) is calculated by dividing the respondent's body weight (in kilograms) by their height (in metres) squared."
6,"A definition change was implemented in 2004 to conform with World Health Organization (WHO) and Health Canada guidelines for body weight classification. The index is calculated for the population aged 18 and over, excluding pregnant females and persons less than 3 feet (0.914 metres) tall or greater than 6 feet 11 inches (2.108 metres)."
7,"Before the implementation of the new World Health Organization (WHO) and Health Canada guidelines, Canadian and International standards were calculated for the population aged 20 to 64 excluding pregnant females and persons less than 3 feet (0.914 metres) tall or greater than 6 feet 11 inches (2.108 metres)."
8,"According to the World Health Organization (WHO) and Health Canada guidelines, the index for body weight classification is: less than 18.5 (underweight); 18.5 to 24.9 (normal weight); 25.0 to 29.9 (overweight); 30.0 to 34.9 (obese, class I); 35.0 to 39.9 (obese, class II); 40 or greater (obese, class III)."
9,"Before the implementation of the new World Health Organization (WHO) and Health Canada guidelines, the index for Canadian standard was: under 20.0 (underweight); 20.0 to 24.9 (normal weight); 25.0 to 27.0 (some excess weight) and higher than 27.0 (overweight)."
10,"Before the implementation of the new World Health Organization (WHO) and Health Canada guidelines, the index for International standard was: under 18.5 (underweight); 18.5 to 24.9 (normal weight); 25.0 to 29.9 (overweight) and 30.0 or higher (obese)."
11,"Population aged 12 and over who report that they have been diagnosed by a health professional as having arthritis or rheumatism."
12,"Arthritis or rheumatism includes both rheumatoid arthritis and osteoarthritis, but excludes fibromyalgia."
13,"Population aged 12 and over who report that they have been diagnosed by a health professional as having diabetes."
14,"Diabetes includes females 15 and over who have been diagnosed with gestational diabetes."
15,"Population aged 12 and over who report that they have been diagnosed by a health professional as having asthma."
16,"Population aged 12 and over who report that they have been diagnosed by a health professional as having high blood pressure."
17,"Population aged 12 and over who report usually having pain or discomfort which prevents or limits activities. In 2000/2001, Canada and provincial estimates were based on the master sample weight (questions were asked of all eligible respondents). In 2003, Canada and provincial estimates are based on sub-sample weights (questions were asked of a subset of respondents)."
18,"Population aged 12 and over who report that they usually have pain or discomfort. Severity of pain is measured as severe, moderate or mild. In 2000/2001, Canada and provincial estimates were based on the master sample weight (questions were asked of all eligible respondents). In 2003, Canada and provincial estimates are based on sub-sample weights (questions were asked of a subset of respondents)."
19,"Population aged 12 and over who show symptoms of depression, based on their responses to a set of questions that establishes the probability of suffering a ""major depressive episode"". Canada and provincial estimates are presented for 2000/2001 only. In 2003, questions were included in Canadian Community Health Survey (CCHS) as optional content and were not asked in all health regions. Data for 2003 are not included in this profile."
20,"The measure of depression is derived from a set of questions on mental health that involve thoughts and feelings about various subjects."
21,"The totals for Ontario exclude data from Brant Public Health Unit (3527) and the totals for Saskatchewan exclude data from Northern Health Services Branch (4711) because they did not select this indicator as one of their optional survey modules. Interpret with caution."
22,"Population aged 12 and over who sustained injuries in the past 12 months. Repetitive strain injuries are not included."
23,"Refers to injuries which are serious enough to limit normal activities. For those with more than one injury in the past 12 months, refers to ""the most serious injury"", as identified by the respondent."
24,"Due to differences in questionnaire wording, data are not comparable to National Population Health Survey (NPHS), Household table 13-10-0509-01 or National Population Health Survey (NPHS), North table 13-10-0535-01."
25,"Population aged 12 and over reporting measures of overall functional health, based on 8 dimensions of functioning (vision, hearing, speech, mobility, dexterity, feelings, cognition and pain). In 2000/2001, Canada and provincial estimates were based on the master sample weight (questions were asked of all eligible respondents). In 2003, Canada and provincial estimates are based on sub-sample weights (questions were asked of a subset of respondents)."
26,"Otherwise known as the Health Utility Index (HUI), this index, developed at McMaster University's Centre for Health Economics and Policy Analysis and is based on the Comprehensive Health Status Measurement System (CHSMS)."
27,"A score of 0.8 to 1.0 indicates very good or perfect health. A score below 0.8 indicates moderate or severe functional health problems."
28,"Population aged 12 and over who stayed in bed or cut down on normal activities because of illness or injury on one or more days in the past 2 weeks."
29,"Population aged 12 and over who report being limited in selected activities (home, school, work and other activities) because of a physical condition, mental condition or health problem which has lasted or is expected to last 6 months or longer. These data were revised in April 2006 to reflect the derived variable ""Participation and activity limitation"". Previously published data reflected the derived variable ""Impact on health problems""."
30,"Population aged 12 and over who reported being either a current or former smoker and who reported the age when they smoked their first cigarette."
31,"Population aged 12 and over who reported being either a current smoker (daily or occasional) or a non-smoker (former or never smoked)."
32,"Current smokers are those who smoke on either a daily or an occasional basis."
33,"Daily smokers refers to those who reported smoking cigarettes every day."
34,"Occasional smokers refers to those who reported smoking cigarettes occasionally. This includes former daily smokers who are now occasional."
35,"Former smokers are those who previously smoked either daily or occasionally and are now non-smokers."
36,"Population aged 12 and over who reported having at least 1 drink in the past 12 months."
37,"Population aged 12 and over reporting level of physical activity, based on their responses to questions about the frequency, duration and intensity of their participation in leisure-time physical activity."
38,"Respondents are classified as active, moderately active or inactive based on an index of average daily physical activity over the past 3 months. For each leisure time physical activity engaged in by the respondent, an average daily energy expenditure is calculated by multiplying the number of times the activity was performed by the average duration of the activity by the energy cost (kilocalories per kilogram of body weight per hour) of the activity. The index is calculated as the sum of the average daily energy expenditures of all activities. Respondents are classified as follows: 3.0 kcal/kg/day or more = physically active; 1.5 to 2.9 kcal/kg/day = moderately active; less than 1.5 kcal/kg/day = inactive."
39,"Population aged 12 and over who reported the average number of times per day that they consume fruits and vegetables."
40,"Population aged 18 and over who reported their level of life stress."
41,"Non-smoking population aged 12 and over who reported that at least one person smokes inside their home every day or almost every day."
42,"Smoking includes cigarettes, cigars and pipes."
43,"Non-smoking population aged 12 and over who reported being exposed to second-hand smoke in private vehicles and/or public places on most days in the past month. The total does not correspond to the sum of the categories ""in vehicles, in public places and exposure not stated""."
44,"Non-smoking population aged 12 and over who reported being exposed to second-hand smoke in private vehicles on most days in the past month."
45,"Non-smoking population aged 12 and over who reported being exposed to second-hand smoke in public places on most days in the past month."
46,"Due to differences in questionnaire wording, 2000/2001 and 2003 data are not comparable."
47,"Non-smoking population aged 12 and over who were exposed to second-hand smoke on most days in the month preceding the survey."
48,"Population aged 12 and over who reported when they had their last influenza immunization (flu shot)."
49,"In 2000/2001, influenza immunization module became common content in the fourth quarter collection of the survey in order to produce provincial and national estimates, whereas health region estimates are based on optional content collected from the full sample. Due to different weights used, health region level data will not match with the provincial or Canada totals. In 2003, Canada and provincial estimates are based on sub-sample weights (questions were asked of a subset of respondents)."
50,"Females aged 50 to 69 who reported when they had their last mammogram for routine screening or other reasons."
51,"Screening by mammography is an important strategy for early detection of breast cancer."
52,"Females aged 18 to 69 who reported when they had their last Pap smear test."
53,"Pap tests (Papanicolaou) detect pre-malignant lesions before cancer of the cervix develops."
54,"Population aged 12 and over who have consulted with an alternative health care provider in the past 12 months."
55,"Alternative health care providers include massage therapists, acupuncturists, homeopaths or naturopaths, Feldenkrais or Alexander teachers, relaxation therapists, biofeedback teachers, rolfers, herbalists, reflexologists, spiritual healers, religious healers and others."
56,"Population aged 12 and over who have consulted with a medical doctor in the past 12 months. For population aged 18 and under, includes pediatricians."
57,"Medical doctor include family or general practitioners as well as specialists such as surgeons, allergists, orthopaedists, gynaecologists or psychiatrists."
58,"Population aged 12 and over who have consulted with a health professional about their mental health in the past 12 months. Canada and provincial estimates were presented for 2000/2001 only. In 2003, questions are included in Canadian Community Health Survey (CCHS) as optional content and are not asked in all health regions. Data for 2003 are not included in this profile."
59,"Mental health professionals include family doctors or general practitioners, psychiatrists, psychologists, nurses, social workers and counsellors."
60,"Population aged 12 and over who have consulted with a dental professional in the past 12 months."
61,"Dental professionals include dentists, orthodontists or dental hygienists."
62,"Population aged 15 and over who have contacted a telehealth service or health hotline in the past 12 months. Canada and provincial estimates are presented for 2003 only. The estimates are based on sub-sample weights (questions were asked of a subset of respondents)."
63,"Population aged 15 and over who reported receiving health care services in the past 12 months."
64,"Population who rate the quality of health care services received as excellent or good, based on the response to the following question: ""Overall how would you rate the quality of the health care you received? Would you say it was excellent, good, fair or poor?"""
65,"Population who report being very or somewhat satisfied with health care services received, based on the response to the following question: ""Overall, how satisfied were you with the way health care services were provided? Were you very satisfied, somewhat satisfied, neither satisfied nor dissatisfied, somewhat dissatisfied or very dissatisfied?"""
66,"Population aged 15 and over who reported receiving hospital care in the past 12 months."
67,"Population who rate the quality of hospital care received as excellent or good, based on the response to the following question: ""Thinking of your most recent hospital visit, how would you rate the quality of the care you received? Would you say it was excellent, good, fair or poor?"""
68,"Population who report being very or somewhat satisfied with hospital care received, based on the response to the following question: ""Thinking of your most recent hospital visit, how satisfied were you with the way hospital services were provided? Were you very satisfied, somewhat satisfied, neither satisfied nor dissatisfied, somewhat dissatisfied or very dissatisfied?"""
69,"Population aged 15 and over who reported receiving health care services from a family doctor, general practitioner or medical specialist during the past 12 months. This excludes services received during a hospital visit and refers to most recent care received from a physician."
70,"Population who rate the quality of physician services received as excellent or good, based on the response to the following question: ""Thinking of the most recent care received from a physician, how would you rate the quality of the care you received? Would you say it was excellent, good, fair or poor?"""
71,"Population who report being very or somewhat satisfied with health care services received, based on the response to the following question: ""Thinking of the most recent care received from a physician, how satisfied were you with the way physician care was provided? Were you very satisfied, somewhat satisfied, neither satisfied nor dissatisfied, somewhat dissatisfied or very dissatisfied?"""
72,"Population aged 15 and over who reported receiving community-based health care in the past 12 months, excluding that received through a hospital or doctor's office."
73,"Examples of community-based health care include home nursing care, home-based counselling or therapy, personal care and community walk-in clinics."
74,"Population who rate the quality of community-based health care services received as excellent or good, based on the response to the following question: ""Overall how would you rate the quality of the community-based care you received? Would you say it was excellent, good, fair or poor?"""
75,"Population who report being very or somewhat satisfied with health care services received, based on the response to the following question: ""Overall, how satisfied were you with the way community-based care was provided? Were you very satisfied, somewhat satisfied, neither satisfied nor dissatisfied, somewhat dissatisfied or very dissatisfied?"""
76,"Population aged 15 and over who have contacted a telehealth service or health hotline in the past 12 months."
77,"Population who rate the quality of telehealth services received as excellent or good, based on the response to the following question: ""Overall how would you rate the quality of the service you received? Would you say it was excellent, good, fair or poor?"""
78,"Population who report being very or somewhat satisfied with health care services received, based on the response to the following question: ""Overall, how satisfied were you with the way the telehealth service was provided? Were you very satisfied, somewhat satisfied, neither satisfied nor dissatisfied, somewhat dissatisfied or very dissatisfied?"""
79,"For all patient satisfaction variables, Canada and provincial estimates are presented for 2003 only. The estimates are based on sub-sample weights (questions were asked of a subset of respondents)."
80,"For all patient satisfaction variables, these data are not the sum of the other categories."
81,"Bootstrapping techniques were used to produce the coefficient of variation (CV) and 95% confidence intervals (CIs)."
82,"Data with a coefficient of variation (CV) from 16.6% to 33.3% are identified by an (E) and should be interpreted with caution."
83,"Data with a coefficient of variation (CV) greater than 33.3% were suppressed (F) due to extreme sampling variability."
84,"The data expressed as proportions (%) in these tables are calculated using the total population of the selected group as the denominator."
85,"The Northwest Territories weighting methodology having been revised, 2003 estimates for Canada and Northwest Territories in this profile are slightly different from those released in June 2004."
86,"The following standard symbols are used in this Statistics Canada table: (..) for figures not available for a specific reference period and (...) for figures not applicable."

"Dimension ID","Member ID","Attribute Key",Title,Label,"Long Label",Value


